Aida Aidevic,aida@gmail.com,64645645,39513254465,2021-10-30T09:26
Algirdas Algevicius,algis597@gmail.com,68845466,38512313213,2021-11-30T14:49
Zofija Zofijiene,zita123@gmail.com,54654654,49512123132,2021-11-30T11:37
Dovile Doviliene,ddovile@gmail.com,65151515,37515156156,2021-12-05T05:49
Dziugas Dziugauskas,dziugas@gmail.com,69887846,32046545646,2021-12-05T04:59
Jura Jurevic,jurajurevic@gmail.com,67896541,34512121978,2021-12-05T11:22
Irma Irmanauskaite,irma@info.com,65456156,37426454561,2021-11-30T15:44
Milda Mildyte,milduke@gmail.com,64565454,49413213213,2021-11-28T13:38
Rima Rimaite,rimarimaite@gmail.com,65151515,37515156156,2021-12-05T05:44
Stasys Stasauskas,stasys@gmail.com,65151515,37515156156,2021-12-05T15:44
